Депутаты выступили перед экспертами на водном совете в Камбодже,kenesh/kg/uploads/media/news_cover_photo/0001/86/thumb_85494_news_cover_photo_slider.png,26-05-2023 10:48
Рассмотрен законопроект о ратификации Соглашения о взаимной правовой помощи по административным вопросам в сфере обмена персональными данными,kenesh/kg/uploads/media/news_cover_photo/0001/86/thumb_85438_news_cover_photo_slider.jpg,25-05-2023 16:35
Рассмотрен законопроект по ратификации Меморандума об обязательствах Исламской Республики Иран в целях получения статуса государства-члена Шанхайской организации сотрудничества,kenesh/kg/uploads/media/news_cover_photo/0001/86/thumb_85439_news_cover_photo_slider.jpg,25-05-2023 16:18
Принят законопроект о ратификации Грантового соглашения по проекту «Модернизация и устойчивое развитие электроэнергетического сектора»,kenesh/kg/uploads/media/news_cover_photo/0001/86/thumb_85440_news_cover_photo_slider.jpg,25-05-2023 16:17
"Рассмотрен законопроект, направленный на пресечение незаконной деятельности по организации и проведению подпольных (нелегальных) азартных игр",kenesh/kg/uploads/media/news_cover_photo/0001/86/thumb_85432_news_cover_photo_slider.jpg,25-05-2023 15:50
Принят проект Закона «О внесении изменений в Закон Кыргызской Республики «О медиации» во втором чтении,kenesh/kg/uploads/media/news_cover_photo/0001/86/thumb_85420_news_cover_photo_slider.jpg,25-05-2023 12:58
Принят законопроект  «О внесении изменений в Закон Кыргызской Республики «О химизации и защите растений» в третьем чтении,kenesh/kg/uploads/media/news_cover_photo/0001/86/thumb_85418_news_cover_photo_slider.jpeg,25-05-2023 12:53
"Принят проект Закона «О внесении изменений в некоторые законодательные акты Кыргызской Республики (в Уголовный Кодекс, Кодекс о правонарушениях)» в третьем чтении",kenesh/kg/uploads/media/news_cover_photo/0001/86/thumb_85417_news_cover_photo_slider.jpg,25-05-2023 12:51
Делегация ЖК КР встретилась с исполнительным директором Малазийского управления инвестиционного развития Нажихан Абас,kenesh/kg/uploads/media/news_cover_photo/0001/86/thumb_85405_news_cover_photo_slider.jpeg,25-05-2023 12:39
Профильный комитет рекомендовал Жогорку Кенешу отклонить кандидатуру судьи Верховного суда  Болотбека Акматова в состав Совета по делам правосудия,kenesh/kg/uploads/media/news_cover_photo/0001/86/thumb_85422_news_cover_photo_slider.jpg,25-05-2023 12:04
Депутаты в ходе рассмотрения вопроса «разное» обратили внимание на социальные вопросы,kenesh/kg/uploads/media/news_cover_photo/0001/86/thumb_85416_news_cover_photo_slider.jpg,25-05-2023 11:52
Депутаты обозначили социально-экономические проблемы населения,kenesh/kg/uploads/media/news_cover_photo/0001/86/thumb_85413_news_cover_photo_slider.jpg,25-05-2023 11:46
Депутаты Жогорку Кенеша встретились с членами Малазийской международной торгово-промышленной палаты,kenesh/kg/uploads/media/news_cover_photo/0001/86/thumb_85395_news_cover_photo_slider.jpeg,25-05-2023 11:34
Депутаты обратили внимание на вопросы в сфере сельского хозяйства,kenesh/kg/uploads/media/news_cover_photo/0001/86/thumb_85383_news_cover_photo_slider.jpg,25-05-2023 11:14
Депутаты подняли вопросы социально-экономического характера,kenesh/kg/uploads/media/news_cover_photo/0001/86/thumb_85389_news_cover_photo_slider.jpg,25-05-2023 10:51
Депутат Исатбек кызы Аида встретилась с жителями Тогуз-Тороуского района,kenesh/kg/uploads/media/news_cover_photo/0001/86/thumb_85347_news_cover_photo_slider.jpg,24-05-2023 17:29
Заместитель Торага Жогорку Кенеша Джамиля Исаева приняла участие в работе V заседания членов Межпарламентского водного консультативного совета Азии,kenesh/kg/uploads/media/news_cover_photo/0001/86/thumb_85300_news_cover_photo_slider.jpg,24-05-2023 17:08
"Рассмотрен законопроект о внесении изменений в Гражданский кодекс, Закон «О финансовой аренде (лизинге)» в первом чтении",kenesh/kg/uploads/media/news_cover_photo/0001/86/thumb_85301_news_cover_photo_slider.jpg,24-05-2023 17:02
"Заместитель торага Совета по устойчивому развитию в условиях изменения климата, депутат Динара Ашимова встретилась с представителями ОБСЕ во главе с Екатериной Накашидзе",kenesh/kg/uploads/media/news_cover_photo/0001/86/thumb_85303_news_cover_photo_slider.jpg,24-05-2023 16:57
Принят проект Закона «О науке» в первом чтении,kenesh/kg/uploads/media/news_cover_photo/0001/86/thumb_85294_news_cover_photo_slider.jpg,24-05-2023 16:52
Принят законопроект «О внесении изменений в некоторые законодательные акты Кыргызской Республики по вопросам образования»  в первом чтении,kenesh/kg/uploads/media/news_cover_photo/0001/86/thumb_85289_news_cover_photo_slider.jpg,24-05-2023 15:27
Проект Закона по вопросам доверительного управления государственным имуществом возвращен в режим второго чтения,kenesh/kg/uploads/media/news_cover_photo/0001/86/thumb_85281_news_cover_photo_slider.jpg,24-05-2023 12:33
Рассмотрен законопроект «О государственном регулировании внешнеторговой деятельности» во втором чтении,kenesh/kg/uploads/media/news_cover_photo/0001/86/thumb_85245_news_cover_photo_slider.jpeg,24-05-2023 11:06
Принят законопроект «О внесении изменений в Закон Кыргызской Республики «О защите прав потребителей» в третьем чтении,kenesh/kg/uploads/media/news_cover_photo/0001/86/thumb_85260_news_cover_photo_slider.jpg,24-05-2023 10:59
"Рассмотрен законопроект «О специальных защитных, антидемпинговых и компенсационных мерах при импорте товаров» в третьем чтении",kenesh/kg/uploads/media/news_cover_photo/0001/86/thumb_85250_news_cover_photo_slider.jpg,24-05-2023 10:57
"Принят проект Закона о списании бюджетных кредитов, выданных субъектам предпринимательства Баткенской области",kenesh/kg/uploads/media/news_cover_photo/0001/86/thumb_85248_news_cover_photo_slider.jpg,24-05-2023 10:50
"Принят законопроект о внесении изменений в законы «О внешней миграции», «О внешней трудовой миграции», «О правовом положении иностранных граждан в Кыргызской Республике»",kenesh/kg/uploads/media/news_cover_photo/0001/86/thumb_85244_news_cover_photo_slider.jpg,24-05-2023 10:49
Принят проект Закона «О внесении изменений в Закон Кыргызской Республики «О рекламе» в третьем чтении,kenesh/kg/uploads/media/news_cover_photo/0001/86/thumb_85256_news_cover_photo_slider.jpg,24-05-2023 10:41
Торага Нурланбек Шакиев призвал использовать передовой опыт частных школ в государственных учебных заведениях,kenesh/kg/uploads/media/news_cover_photo/0001/86/thumb_85224_news_cover_photo_slider.jpg,23-05-2023 17:42
"Комитет Жогорку Кенеша ознакомился с деятельностью компаний, занимающихся разработкой песчано-гравийной смеси на территории горы Боз-Болток Аламудунского района",kenesh/kg/uploads/media/news_cover_photo/0001/86/thumb_85165_news_cover_photo_slider.jpeg,23-05-2023 17:05
Торага Нурланбек Шакиев ознакомился с состоянием ряда школ Кеминского района,kenesh/kg/uploads/media/news_cover_photo/0001/86/thumb_85208_news_cover_photo_slider.jpg,23-05-2023 16:24
Депутатская комиссия по изучению исполнения закона «О профессиональных союзах» посетила Иссык-Кульский район,kenesh/kg/uploads/media/news_cover_photo/0001/86/thumb_85158_news_cover_photo_slider.jpg,23-05-2023 15:51
Комитет Жогорку Кенеша одобрил законопроект  «О внесении изменения в Уголовно-процессуальный кодекс Кыргызской Республики» во втором чтении,kenesh/kg/uploads/media/news_cover_photo/0001/86/thumb_85156_news_cover_photo_slider.jpeg,23-05-2023 14:36
Визит Торага Нурланбека Шакиева в Чуйскую область продолжается в Чуйском и Кеминском районах,kenesh/kg/uploads/media/news_cover_photo/0001/86/thumb_85192_news_cover_photo_slider.jpg,23-05-2023 13:31
Торага Нурланбек Шакиев находится с рабочим визитом в Чуйской области,kenesh/kg/uploads/media/news_cover_photo/0001/86/thumb_85138_news_cover_photo_slider.JPG,23-05-2023 11:34
Депутат Карим Ханджеза посетил Жаны-Пахтинский айыльный аймак Сокулукского района,kenesh/kg/uploads/media/news_cover_photo/0001/86/thumb_85082_news_cover_photo_slider.jpg,22-05-2023 19:15
Комитет Жогорку Кенеша ознакомился с деятельностью ОАО «Кыргызиндустрия»,kenesh/kg/uploads/media/news_cover_photo/0001/86/thumb_85123_news_cover_photo_slider.jpg,22-05-2023 19:02
Заместитель Торага Жогорку Кенеша Нурбек Сыдыгалиев провел встречу  с участием представителей «Росатом» и жителей Жумгальского района Нарынской области,kenesh/kg/uploads/media/news_cover_photo/0001/86/thumb_85069_news_cover_photo_slider.jpg,22-05-2023 17:47
Торага Нурланбек Шакиев принял Омбудсмена Джамилю Джаманбаеву,kenesh/kg/uploads/media/news_cover_photo/0001/86/thumb_85041_news_cover_photo_slider.jpg,22-05-2023 15:54
Депутаты Камила Талиева и Динара Ашимова выступили с докладом по экологическому вопросу,kenesh/kg/uploads/media/news_cover_photo/0001/85/thumb_84989_news_cover_photo_slider.jpg,22-05-2023 15:02
Профильный комитет ознакомился с деятельностью ГП «Кара-Балтинский спиртзавод»,kenesh/kg/uploads/media/news_cover_photo/0001/86/thumb_85114_news_cover_photo_slider.jpg,22-05-2023 14:11
Профильный комитет рассмотрел законопроект  «О внесении изменений в некоторые законодательные акты Кыргызской Республики по вопросам образования» в первом чтении,kenesh/kg/uploads/media/news_cover_photo/0001/85/thumb_84959_news_cover_photo_slider.jpg,22-05-2023 12:43
Торага Нурланбек Шакиев принял участие в заседании Совета по устойчивому развитию в условиях изменения климата,kenesh/kg/uploads/media/news_cover_photo/0001/85/thumb_84943_news_cover_photo_slider.jpg,22-05-2023 12:15
Комитет по социальной политике рассмотрел проект Закона «О внесении изменений в Закон Кыргызской Республики «О защите от недостоверной (ложной) информации»,kenesh/kg/uploads/media/news_cover_photo/0001/85/thumb_84910_news_cover_photo_slider.jpg,22-05-2023 11:03
Комитет Жогорку Кенеша рассмотрел ряд законопроектов в третьем чтении,kenesh/kg/uploads/media/news_cover_photo/0001/85/thumb_84938_news_cover_photo_slider.jpg,22-05-2023 10:56
Комитет Жогорку Кенеша одобрил проект Закона «О внесении изменений в Закон Кыргызской Республики «О семенах» во втором чтении,kenesh/kg/uploads/media/news_cover_photo/0001/85/thumb_84909_news_cover_photo_slider.jpeg,22-05-2023 10:53
Депутаты Аида Исатбек кызы и Дастан Бекешев приняли участие в международном форуме «Санкт-Петербург – парламентская столица Содружества»,kenesh/kg/uploads/media/news_cover_photo/0001/85/thumb_84899_news_cover_photo_slider.jpg,20-05-2023 18:40
Торага Нурланбек Шакиев встретился с Председателем Комитета Парламента Великобритании Алисией Кернс,kenesh/kg/uploads/media/news_cover_photo/0001/85/thumb_84842_news_cover_photo_slider.jpg,19-05-2023 16:54
Председатель Комитета по международным делам Улан Примов встретился с Послом Ирана в Кыргызстане Саидом Харази,kenesh/kg/uploads/media/news_cover_photo/0001/85/thumb_84835_news_cover_photo_slider.jpg,19-05-2023 16:22
Профильный комитет провел круглый стол по обсуждению законопроекта «О внесении изменений в некоторые законодательные акты Кыргызской Республики в сфере административной юстиции и исполнительного производства»,kenesh/kg/uploads/media/news_cover_photo/0001/85/thumb_84831_news_cover_photo_slider.jpg,19-05-2023 16:13
В Жогорку Кенеше состоялся двухдневный семинар на тему: «Законотворческий процесс в Кыргызской Республике»,kenesh/kg/uploads/media/news_cover_photo/0001/85/thumb_84812_news_cover_photo_slider.JPG,19-05-2023 15:17
Парламентская фракция «Ата-Журт Кыргызстан» заслушала информацию о состоянии  государственных предприятий,kenesh/kg/uploads/media/news_cover_photo/0001/85/thumb_84850_news_cover_photo_slider.jpeg,19-05-2023 15:04
Торага Нурланбек Шакиев принял участие в заседании Совета ПА ОДКБ,kenesh/kg/uploads/media/news_cover_photo/0001/85/thumb_84779_news_cover_photo_slider.jpg,18-05-2023 16:23
Депутат Жогорку Кенеша Сеидбек Атамбаев встретился с школьниками  и учителями Беш-Кунгейской средней школы имени И. Таранчиева,kenesh/kg/uploads/media/news_cover_photo/0001/85/thumb_84769_news_cover_photo_slider.jpg,18-05-2023 16:18
"Депутат Чингиз Айдарбеков встретился со студентами Кыргызского государственного университета им. И.Арабаева, а также учениками школы им. А. Ракымова",kenesh/kg/uploads/media/news_cover_photo/0001/85/thumb_84707_news_cover_photo_slider.jpeg,18-05-2023 15:39
Торага Жогорку Кенеша Кыргызской Республики Нурланбек Шакиев возложил венок к Монументу Победы в г.Минск,kenesh/kg/uploads/media/news_cover_photo/0001/85/thumb_84759_news_cover_photo_slider.jpg,18-05-2023 15:17
Торага Нурланбек Шакиев встретился с Президентом Республики Беларусь Александром Лукашенко,kenesh/kg/uploads/media/news_cover_photo/0001/85/thumb_84689_news_cover_photo_slider.jpg,18-05-2023 15:05
Лидер фракции «Ата-Журт Кыргызстан» Бактыбек Сыдыков встретился с директором представительства Национального демократического института в Кыргызстане Дэном Редфордом,kenesh/kg/uploads/media/news_cover_photo/0001/85/thumb_84677_news_cover_photo_slider.jpg,18-05-2023 14:49
Депутаты в ходе рассмотрения вопроса «разное» обратили внимание на социальные проблемы,kenesh/kg/uploads/media/news_cover_photo/0001/85/thumb_84675_news_cover_photo_slider.jpg,18-05-2023 13:00
Депутаты обозначили вопросы обеспечения населения питьевой водой,kenesh/kg/uploads/media/news_cover_photo/0001/85/thumb_84674_news_cover_photo_slider.jpg,18-05-2023 12:53
Депутат Максатбек Сарбагышев поднял вопрос строительства музея манасчы Саякбая Каралаева,kenesh/kg/uploads/media/news_cover_photo/0001/85/thumb_84669_news_cover_photo_slider.jpg,18-05-2023 12:42
Депутаты обозначили вопросы строительства социальных объектов в регионах,kenesh/kg/uploads/media/news_cover_photo/0001/85/thumb_84667_news_cover_photo_slider.jpg,18-05-2023 12:19
Заместитель Торага Жогорку Кенеша Джамиля Исаева приняла участие в  VII Международном фестивале «Эпосы народов мира»,kenesh/kg/uploads/media/news_cover_photo/0001/85/thumb_84663_news_cover_photo_slider.jpeg,18-05-2023 11:31
Депутат Марлен Маматалиев предложил блокировать сайты онлайн-казино,kenesh/kg/uploads/media/news_cover_photo/0001/85/thumb_84666_news_cover_photo_slider.jpg,18-05-2023 11:15
Депутат Эрулан Кокулов поднял вопросы в сфере развития туризма в республике,kenesh/kg/uploads/media/news_cover_photo/0001/85/thumb_84672_news_cover_photo_slider.jpeg,18-05-2023 10:58
Депутаты обозначили социально-экономические проблемы населения,kenesh/kg/uploads/media/news_cover_photo/0001/85/thumb_84660_news_cover_photo_slider.jpg,18-05-2023 10:48
Торага Нурланбек Шакиев прибыл в Минск для участия в заседаниях ПА ОДКБ,kenesh/kg/uploads/media/news_cover_photo/0001/85/thumb_84651_news_cover_photo_slider.jpg,17-05-2023 15:59
"Депутаты Нуржигит Кадырбеков, Айбек Маткеримов приняли участие в заседании Постоянного комитета Азиатской парламентской ассамблеи",kenesh/kg/uploads/media/news_cover_photo/0001/85/thumb_84645_news_cover_photo_slider.jpg,17-05-2023 15:39
"Депутаты Ч.Султанбекова, Ы.Атажанов и Н.Ражабалиев встретились с депутатами Кадамжайского городского кенеша",kenesh/kg/uploads/media/news_cover_photo/0001/85/thumb_84614_news_cover_photo_slider.jpg,17-05-2023 15:16
Жогорку Кенеш избрал Джамилю Джаманбаеву на должность Акыйкатчы  (Омбудсмена) Кыргызской Республики,kenesh/kg/uploads/media/news_cover_photo/0001/85/thumb_84607_news_cover_photo_slider.jpg,17-05-2023 13:00
Депутат Чингиз Айдарбеков встретился со школьниками Тонского района,kenesh/kg/uploads/media/news_cover_photo/0001/85/thumb_84604_news_cover_photo_slider.jpg,17-05-2023 12:54
Депутат Максатбек Сарбагышев провел онлайн-встречу с жителями Иссык-Кульской области,kenesh/kg/uploads/media/news_cover_photo/0001/85/thumb_84589_news_cover_photo_slider.jpeg,17-05-2023 12:17
"Депутат Миргул Темирбаева приняла участие в семинаре «Признание роли нейтральных государств в укреплении безопасности, стабильности и диалога в регионе ОБСЕ»",kenesh/kg/uploads/media/news_cover_photo/0001/85/thumb_84586_news_cover_photo_slider.jpg,17-05-2023 12:06
Аудитором Счетной палаты КР избран Алимжан Байгазаков,kenesh/kg/uploads/media/news_cover_photo/0001/85/thumb_84668_news_cover_photo_slider.jpg,17-05-2023 11:20
Принят законопроект «О внесении изменения в Уголовный кодекс Кыргызской Республики» во втором чтении,kenesh/kg/uploads/media/news_cover_photo/0001/85/thumb_84583_news_cover_photo_slider.jpg,17-05-2023 11:04
Депутат Тазабек Икрамов принял участие в ряде мероприятий в рамках миссии наблюдателей ТюркПА на выборах в Турции,kenesh/kg/uploads/media/news_cover_photo/0001/85/thumb_84561_news_cover_photo_slider.jpg,17-05-2023 10:56
Депутат Жогорку Кенеша Камила Талиева  ознакомилась с деятельностью Кыргызского национального аграрного университета им. К.И. Скрябина,kenesh/kg/uploads/media/news_cover_photo/0001/85/thumb_84553_news_cover_photo_slider.jpg,17-05-2023 09:59
В штаб-квартире ТюркПА установлена кыргызская юрта,kenesh/kg/uploads/media/news_cover_photo/0001/85/thumb_84531_news_cover_photo_slider.jpg,16-05-2023 18:14
Комитет по ТЭК заслушал информацию об исполнении статьи 30 закона «О недрах» и средствах фондов развития регионов,kenesh/kg/uploads/media/news_cover_photo/0001/85/thumb_84520_news_cover_photo_slider.jpg,16-05-2023 17:55
Депутаты во главе с заместителем Торага Жогорку Кенеша Нурланбеком Азыгалиевым приняли участие в работе международного форума в сфере образования,kenesh/kg/uploads/media/news_cover_photo/0001/85/thumb_84515_news_cover_photo_slider.jpeg,16-05-2023 15:58
Комитет Жогорку Кенеша заслушал информацию о деятельности и планах развития Государственной ипотечной компании,kenesh/kg/uploads/media/news_cover_photo/0001/85/thumb_84516_news_cover_photo_slider.jpg,16-05-2023 15:02
Профильный комитет рассмотрел законопроект о противодействии коррупции в сфере государственной и муниципальной службы,kenesh/kg/uploads/media/news_cover_photo/0001/85/thumb_84502_news_cover_photo_slider.png,16-05-2023 14:59
"Торага Нурланбек Шакиев принял участие в специальном заседании парламента Азербайджана, посвященном 100-летию Гейдара Алиева",kenesh/kg/uploads/media/news_cover_photo/0001/85/thumb_84484_news_cover_photo_slider.jpg,16-05-2023 14:46
"Комитет Жогорку Кенеша одобрил законопроект о внесении изменений в Уголовный кодекс, Уголовно-процессуальный кодекс, Кодекс о правонарушениях",kenesh/kg/uploads/media/news_cover_photo/0001/85/thumb_84480_news_cover_photo_slider.png,16-05-2023 14:43
"Профильный комитет одобрил законопроект о внесении изменений в Уголовный кодекс, Уголовно-процессуальный кодекс",kenesh/kg/uploads/media/news_cover_photo/0001/85/thumb_84466_news_cover_photo_slider.jpg,16-05-2023 13:04
Начался рабочий визит Торага Нурланбека Шакиева в Азербайджанскую Республику,kenesh/kg/uploads/media/news_cover_photo/0001/85/thumb_84468_news_cover_photo_slider.jpg,16-05-2023 12:43
Комитет Жогорку Кенеша одобрил законопроект  «О внесении изменений в Закон Кыргызской Республики «О муниципальной собственности на имущество» в первом чтении,kenesh/kg/uploads/media/news_cover_photo/0001/85/thumb_84464_news_cover_photo_slider.JPG,16-05-2023 12:22
Комитет Жогорку Кенеша одобрил проект Закона «О внесении изменений в Закон Кыргызской Республики «О защите от недостоверной (ложной) информации» в первом чтении,kenesh/kg/uploads/media/news_cover_photo/0001/85/thumb_84463_news_cover_photo_slider.jpg,16-05-2023 12:17
Профильный комитет рассмотрел кандидатуры Дж. Джаманбаевой и К. Кубатовой на должность Акыйкатчы (Омбудсмена) Кыргызской Республики,kenesh/kg/uploads/media/news_cover_photo/0001/85/thumb_84465_news_cover_photo_slider.jpg,16-05-2023 11:05
Комитет по аграрной политике провел выездное заседание в Ала-Букинском и Чаткальском районах,kenesh/kg/uploads/media/news_cover_photo/0001/85/thumb_84415_news_cover_photo_slider.jpg,15-05-2023 17:02
"Профильный Комитет одобрил законопроект о внесении изменений в Гражданский кодекс КР, закон «О финансовой аренде (лизинге)»",kenesh/kg/uploads/media/news_cover_photo/0001/85/thumb_84450_news_cover_photo_slider.jpg,15-05-2023 15:37
Комитет Жогорку Кенеша одобрил законопроект «О государственном регулировании внешнеторговой деятельности» во втором чтении,kenesh/kg/uploads/media/news_cover_photo/0001/85/thumb_84448_news_cover_photo_slider.jpg,15-05-2023 15:21
Торага Нурланбек Шакиев вылетел с рабочим визитом в Азербайджанскую Республику,kenesh/kg/uploads/media/news_cover_photo/0001/85/thumb_84398_news_cover_photo_slider.jpg,15-05-2023 10:30
Торага Нурланбек Шакиев принял участие в церемонии официального открытия летнего туристического сезона 2023 года,kenesh/kg/uploads/media/news_cover_photo/0001/85/thumb_84353_news_cover_photo_slider.jpg,13-05-2023 12:48
Торага Нурланбек Шакиев ознакомился с состоянием очистных сооружений в Чолпон-Ате,kenesh/kg/uploads/media/news_cover_photo/0001/85/thumb_84330_news_cover_photo_slider.jpg,13-05-2023 09:38
Члены фракции «Ишеним» обсудили проблемы с жителями Тонского района,kenesh/kg/uploads/media/news_cover_photo/0001/85/thumb_84266_news_cover_photo_slider.jpg,12-05-2023 17:24
Председатель профильного комитета Мурадил Сыдыков встретился с руководителями 4 компаний из  КНР,kenesh/kg/uploads/media/news_cover_photo/0001/85/thumb_84249_news_cover_photo_slider.jpg,12-05-2023 17:08
Торага Нурланбек Шакиев ознакомился с деятельностью предприятия по производству молочной продукции в городе Каракол,kenesh/kg/uploads/media/news_cover_photo/0001/85/thumb_84315_news_cover_photo_slider.jpg,12-05-2023 17:07
Торага Жогорку Кенеша Нурланбек Шакиев находится с рабочим визитом в Иссык-Кульской области,kenesh/kg/uploads/media/news_cover_photo/0001/85/thumb_84214_news_cover_photo_slider.jpg,12-05-2023 14:59
Парламентская фракция «Ишеним» проводит выездное заседание в Иссык-Кульской области,kenesh/kg/uploads/media/news_cover_photo/0001/85/thumb_84209_news_cover_photo_slider.jpg,12-05-2023 12:54
Депутаты фракции «Ата-Журт Кыргызстан» обсудили вопросы кадровой политики и сокращения безработицы,kenesh/kg/uploads/media/news_cover_photo/0001/85/thumb_84210_news_cover_photo_slider.jpg,12-05-2023 12:49
Жайыл Русланов назначен на должность заведующего Отделом по работе с общественностью и СМИ Аппарата Жогорку Кенеша Кыргызской Республики,kenesh/kg/uploads/media/news_cover_photo/0001/85/thumb_84142_news_cover_photo_slider.jpeg,11-05-2023 14:12
Торага Нурланбек Шакиев принял Генерального секретаря Организации тюркских государств Кубанычбека Омуралиева,kenesh/kg/uploads/media/news_cover_photo/0001/85/thumb_84163_news_cover_photo_slider.jpg,11-05-2023 14:05
Руководитель  Аппарата Жогорку Кенеша Шабданбек Алишев встретился с Главой Программного офиса ОБСЕ Алексеем Роговым,kenesh/kg/uploads/media/news_cover_photo/0001/85/thumb_84170_news_cover_photo_slider.jpg,11-05-2023 14:01
Торага Нурланбек Шакиев принял участие в торжественном мероприятии по случаю 30-летия принятия Конституции,kenesh/kg/uploads/media/news_cover_photo/0001/85/thumb_84164_news_cover_photo_slider.jpg,11-05-2023 13:43
"Состоялась встреча подгруппы по правам детей Совета по правам женщин, детей и гендерного равенства при Торага Жогорку Кенеша  с партнерами по развитию",kenesh/kg/uploads/media/news_cover_photo/0001/85/thumb_84166_news_cover_photo_slider.jpg,11-05-2023 13:21
"В Жогорку Кенеше состоялось торжественное мероприятие, посвященное 30-летию Конституции Кыргызской Республики",kenesh/kg/uploads/media/news_cover_photo/0001/85/thumb_84123_news_cover_photo_slider.jpg,11-05-2023 12:37
Рассмотрено предложение парламентской фракции «Бутун Кыргызстан»,kenesh/kg/uploads/media/news_cover_photo/0001/85/thumb_84109_news_cover_photo_slider.jpg,10-05-2023 15:57
Рассмотрен проект конституционного Закона «О Народном Курултае» в первом чтении,kenesh/kg/uploads/media/news_cover_photo/0001/85/thumb_84047_news_cover_photo_slider.jpg,10-05-2023 12:16
Принят законопроект «О внесении изменений в Закон Кыргызской Республики «Об электронной торговле» во втором чтении,kenesh/kg/uploads/media/news_cover_photo/0001/85/thumb_84045_news_cover_photo_slider.jpg,10-05-2023 11:15
"Принят проект Закона о списании бюджетных кредитов, выданных субъектам предпринимательства Баткенской области",kenesh/kg/uploads/media/news_cover_photo/0001/85/thumb_84043_news_cover_photo_slider.jpg,10-05-2023 10:58
Торага Нурланбек Шакиев провел очередное заседание Координационного совета,kenesh/kg/uploads/media/news_cover_photo/0001/85/thumb_84057_news_cover_photo_slider.jpg,10-05-2023 10:32
Депутат Жогорку Кенеша Карим Ханджеза принял участие в праздновании Победы в ВОВ,kenesh/kg/uploads/media/news_cover_photo/0001/84/thumb_83999_news_cover_photo_slider.jpg,09-05-2023 16:40
"Депутаты во главе с Торага Нурланбеком Шакиевым приняли участие в митинге-реквиеме, посвященном 78-й годовщине Победы в Великой Отечественной войне",kenesh/kg/uploads/media/news_cover_photo/0001/84/thumb_83956_news_cover_photo_slider.jpg,09-05-2023 11:10
Поздравление Торага Жогорку Кенеша Кыргызской Республики Нурланбека Шакиева с 9 мая - Днем Победы,kenesh/kg/uploads/media/news_cover_photo/0001/84/thumb_83954_news_cover_photo_slider.jpg,09-05-2023 10:00
Депутаты Карим Ханджеза и Аманкан Кенжебаев приняли участие в открытии мемориального комплекса в честь героев ВОВ,kenesh/kg/uploads/media/news_cover_photo/0001/84/thumb_83976_news_cover_photo_slider.jpg,09-05-2023 09:13
Торага Нурланбек Шакиев навестил ветерана Великой Отечественной войны Аспека Жумашева,kenesh/kg/uploads/media/news_cover_photo/0001/84/thumb_83919_news_cover_photo_slider.jpg,08-05-2023 12:44
Депутат Жогорку Кенеша Арсланбек Малиев провел турнир по волейболу,kenesh/kg/uploads/media/news_cover_photo/0001/84/thumb_83929_news_cover_photo_slider.jpg,08-05-2023 12:11
"Письмо, якобы написанное от имени Торага Нурланбека Шакиева, является подделкой",kenesh/kg/uploads/media/news_cover_photo/0001/84/thumb_83916_news_cover_photo_slider.png,06-05-2023 12:37
Поздравление Торага Жогорку Кенеша Кыргызской Республики Нурланбека Шакиева с 5 мая – Днем Конституции!,kenesh/kg/uploads/media/news_cover_photo/0001/84/thumb_83905_news_cover_photo_slider.jpg,05-05-2023 10:03
Состоялся двухдневный семинар по теме «Цифровые навыки и управление цифровой трансформацией»,kenesh/kg/uploads/media/news_cover_photo/0001/84/thumb_83814_news_cover_photo_slider.jpg,04-05-2023 15:19
"Депутаты заслушали информацию таможенной службы об автомобилях, ввозимых  в Кыргызстан, а также о ситуации в Фонде поддержки развития туризма",kenesh/kg/uploads/media/news_cover_photo/0001/84/thumb_83803_news_cover_photo_slider.png,04-05-2023 14:38
Депутат Максатбек Сарбагышев встретился с председателем Комитета межпарламентского сотрудничества Индонезии Фадли Зоном,kenesh/kg/uploads/media/news_cover_photo/0001/84/thumb_83794_news_cover_photo_slider.jpeg,04-05-2023 13:11
Принят проект закона «О внесении изменений в Закон Кыргызской Республики «О семенах» в первом чтении,kenesh/kg/uploads/media/news_cover_photo/0001/84/thumb_83792_news_cover_photo_slider.jpg,04-05-2023 11:43
Рассмотрен законопроект о внесении изменений в некоторые законодательные акты по вопросам государственного контроля в пунктах пропуска,kenesh/kg/uploads/media/news_cover_photo/0001/84/thumb_83791_news_cover_photo_slider.png,04-05-2023 11:39
Принят проект закона в сфере проведения проверок субъектов предпринимательства,kenesh/kg/uploads/media/news_cover_photo/0001/84/thumb_83786_news_cover_photo_slider.jpg,04-05-2023 10:59
Рассмотрены проекты Законов в сфере добровольной легализации и амнистии активов физических лиц,kenesh/kg/uploads/media/news_cover_photo/0001/84/thumb_83787_news_cover_photo_slider.jpg,04-05-2023 10:53
Принят проект конституционного закона «О Счетной палате Кыргызской Республики» в третьем чтении,kenesh/kg/uploads/media/news_cover_photo/0001/84/thumb_83790_news_cover_photo_slider.jpg,04-05-2023 10:45
Депутаты обратили внимание на ряд вопросов,kenesh/kg/uploads/media/news_cover_photo/0001/84/thumb_83788_news_cover_photo_slider.jpg,04-05-2023 10:42
Руководитель Аппарата Жогорку Кенеша Шабданбек Алишев навестил ветерана  Великой Отечественной войны Асека Урмамбетова,kenesh/kg/uploads/media/news_cover_photo/0001/84/thumb_83779_news_cover_photo_slider.jpg,03-05-2023 17:47
Рассмотрен законопроект о ратификации Кредитного соглашения по проекту «Реконструкция Лебединовской ГЭС»,kenesh/kg/uploads/media/news_cover_photo/0001/84/thumb_83768_news_cover_photo_slider.jpg,03-05-2023 16:47
"В первом чтении принят проект Закона, направленный на укрепление региональной безопасности в области здравоохранения",kenesh/kg/uploads/media/news_cover_photo/0001/84/thumb_83772_news_cover_photo_slider.jpg,03-05-2023 16:45
Рассмотрен законопроект  о ратификации Протокола о внесении изменений в Соглашение между Кыргызстаном и Узбекистаном о взаимных поездках,kenesh/kg/uploads/media/news_cover_photo/0001/84/thumb_83771_news_cover_photo_slider.jpg,03-05-2023 15:54
Принят законопроект «О внесении изменений в Закон Кыргызской Республики «О кооперативах» в первом чтении,kenesh/kg/uploads/media/news_cover_photo/0001/84/thumb_83751_news_cover_photo_slider.jpg,03-05-2023 12:58
Принят проект Закона «О внесении изменений в некоторые законодательные акты Кыргызской Республики в сфере государственных закупок» в первом чтении,kenesh/kg/uploads/media/news_cover_photo/0001/84/thumb_83736_news_cover_photo_slider.jpg,03-05-2023 12:17
Принят законопроект «О внесении изменения в Уголовно-процессуальный кодекс Кыргызской Республики» в третьем чтении,kenesh/kg/uploads/media/news_cover_photo/0001/84/thumb_83720_news_cover_photo_slider.jpg,03-05-2023 10:33
Атыр Абдрахматова досрочно освобождена от должности Акыйкатчы Кыргызской Республики,kenesh/kg/uploads/media/news_cover_photo/0001/84/thumb_83708_news_cover_photo_slider.jpg,03-05-2023 10:32
Профильный комитет заслушал информацию о реабилитации предприятий «Ошэлектро» и «Востокэлектро»,kenesh/kg/uploads/media/news_cover_photo/0001/84/thumb_83727_news_cover_photo_slider.jpg,03-05-2023 09:07
Комитет Жогорку Кенеша заслушал информацию об исполнении республиканского бюджета за январь-март  2023 года,kenesh/kg/uploads/media/news_cover_photo/0001/84/thumb_83700_news_cover_photo_slider.jpg,02-05-2023 14:48
Профильный комитет одобрил проект конституционного закона «О Счетной палате Кыргызской Республики» в третьем чтении,kenesh/kg/uploads/media/news_cover_photo/0001/84/thumb_83681_news_cover_photo_slider.jpg,02-05-2023 13:39
Состоялся Форум под лозунгом «Зеленые рабочие места и достойный труд»,kenesh/kg/uploads/media/news_cover_photo/0001/84/thumb_83670_news_cover_photo_slider.jpeg,02-05-2023 11:29
По инициативе депутата Улугбека Ормонова в Узгене состоялось очередное спортивное соревнование,kenesh/kg/uploads/media/news_cover_photo/0001/84/thumb_83660_news_cover_photo_slider.jpg,01-05-2023 17:16
Депутаты Азизбек Турсунбаев и Фарходбек Алимжанов приняли участие в международном наблюдении за проведением референдума по Конституции Узбекистана,kenesh/kg/uploads/media/news_cover_photo/0001/84/thumb_83646_news_cover_photo_slider.jpg,01-05-2023 10:54
Члены парламентской фракции «Ынтымак» приняли участие в открытии школы в селе Уч-Добо Алайского района,kenesh/kg/uploads/media/news_cover_photo/0001/84/thumb_83648_news_cover_photo_slider.JPG,30-04-2023 12:47
Начато строительство 2 школ в айыл окмоту Шайдан Ноокенского района,kenesh/kg/uploads/media/news_cover_photo/0001/84/thumb_83640_news_cover_photo_slider.jpg,30-04-2023 11:49
Делегация Аппарата Жогорку Кенеша Кыргызской Республики ознакомилась с деятельностью Сената и Мажилиса Парламента Республики Казахстан,kenesh/kg/uploads/media/news_cover_photo/0001/84/thumb_83622_news_cover_photo_slider.jpg,29-04-2023 20:29
"Депутаты Жогорку Кенеша заложили капсулу в фундамент школы, которая будет построена в селе Мин-Жыгач Лейлекского района",kenesh/kg/uploads/media/news_cover_photo/0001/84/thumb_83615_news_cover_photo_slider.jpg,29-04-2023 17:37
Депутат Чингиз Айдарбеков принял участие в Международном форуме труда в Челябинске,kenesh/kg/uploads/media/news_cover_photo/0001/84/thumb_83601_news_cover_photo_slider.PNG,29-04-2023 16:14
Делегация во главе с Руководителем Аппарата Жогорку Кенеша Кыргызской Республики Шабданбеком Алишевым находится с рабочей поездкой в Казахстане,kenesh/kg/uploads/media/news_cover_photo/0001/84/thumb_83613_news_cover_photo_slider.jpg,29-04-2023 16:12
Парламентская фракция «Ынтымак» обсудила вопросы в сфере  экологической и сейсмической безопасности в г.Ош.,kenesh/kg/uploads/media/news_cover_photo/0001/84/thumb_83586_news_cover_photo_slider.jpg,29-04-2023 15:26
Члены депутатской группы «Элдик» приняли участие в международном спортивном мероприятии в Сузаке,kenesh/kg/uploads/media/news_cover_photo/0001/84/thumb_83578_news_cover_photo_slider.jpeg,29-04-2023 15:04
Члены Форума женщин-депутатов во главе с депутатом Миргул Темирбаевой ознакомились с состоянием социальных объектов в Баткенской области,kenesh/kg/uploads/media/news_cover_photo/0001/84/thumb_83565_news_cover_photo_slider.jpeg,29-04-2023 14:45
Торага Нурланбек Шакиев встретился с Председателем Великого Национального собрания Турции Мустафой Шентопом,kenesh/kg/uploads/media/news_cover_photo/0001/84/thumb_83510_news_cover_photo_slider.jpg,29-04-2023 11:07
Депутат Жогорку Кенеша Айбек Осмонов представил рекомендации Комиссии ТюркПА в сфере образования,kenesh/kg/uploads/media/news_cover_photo/0001/84/thumb_83470_news_cover_photo_slider.jpg,28-04-2023 22:34
Депутат Жогорку Кенеша Чолпон Султанбекова приняла участие в работе II заседания группы женщин парламентариев  ТюркПА,kenesh/kg/uploads/media/news_cover_photo/0001/84/thumb_83453_news_cover_photo_slider.jpg,28-04-2023 21:50
Депутат Жогорку Кенеша Улан Бакасов принял участие в работе II заседания группы молодых парламентариев ТюркПА,kenesh/kg/uploads/media/news_cover_photo/0001/84/thumb_83450_news_cover_photo_slider.jpg,28-04-2023 21:13
Торага Нурланбек Шакиев принял участие в XII пленарном заседании ТюркПА,kenesh/kg/uploads/media/news_cover_photo/0001/84/thumb_83417_news_cover_photo_slider.jpg,28-04-2023 18:17
Депутаты Жогорку Кенеша в Баткенской области приняли участие  в форуме «Диалог с активными женскими организациями по вопросам сохранения мира»,kenesh/kg/uploads/media/news_cover_photo/0001/84/thumb_83331_news_cover_photo_slider.jpeg,28-04-2023 15:53
Депутат Жогорку Кенеша Нилуфар Алимжанова провела онлайн-встречу с избирателями Ошской области,kenesh/kg/uploads/media/news_cover_photo/0001/84/thumb_83303_news_cover_photo_slider.jpeg,28-04-2023 15:20
Торага Нурланбек Шакиев принял участие в заседании Совета ТюркПА,kenesh/kg/uploads/media/news_cover_photo/0001/84/thumb_83341_news_cover_photo_slider.jpg,28-04-2023 15:16
"Парламентская фракция «Ата-Журт Кыргызстан» и депутатская группа «Мекенчил» заслушали информацию о  грантовых средствах, выделенных Кыргызстану Глобальным фондом по борьбе с ВИЧ/СПИДом, туберкулезом и малярией",kenesh/kg/uploads/media/news_cover_photo/0001/84/thumb_83300_news_cover_photo_slider.jpeg,28-04-2023 14:38
Парламентская фракция «Ата-Журт Кыргызстан» и депутатская группа «Мекенчил» обозначили вопросы  в сфере реализации Национальной программы развития Кыргызской Республики до 2026 года,kenesh/kg/uploads/media/news_cover_photo/0001/84/thumb_83286_news_cover_photo_slider.jpeg,28-04-2023 13:04
Парламентская фракция «Ата-Журт Кыргызстан» и депутатская группа «Мекенчил» заслушивают информацию о ходе реализации Национальной программы развития Кыргызской Республики до 2026 года,kenesh/kg/uploads/media/news_cover_photo/0001/84/thumb_83281_news_cover_photo_slider.jpeg,28-04-2023 10:50
Руководитель Аппарата Жогорку Кенеша Шабданбек Алишев находится с визитом в парламенте Казахстана,kenesh/kg/uploads/media/news_cover_photo/0001/84/thumb_83273_news_cover_photo_slider.png,28-04-2023 09:54
Принят проект Грантового соглашения по проекту «Модернизация и устойчивое развитие электроэнергетического сектора»,kenesh/kg/uploads/media/news_cover_photo/0001/84/thumb_83266_news_cover_photo_slider.jpg,27-04-2023 15:59
Принят проект Закона о купле-продаже части доли Российской Федерации в оплаченном уставном капитале Евразийского банка развития,kenesh/kg/uploads/media/news_cover_photo/0001/84/thumb_83256_news_cover_photo_slider.jpg,27-04-2023 15:48
"Рассмотрен проект Закона «О государственной монополии на производство, импорт, хранение и реализацию этилового спирта и государственном регулировании производства алкогольной продукции»",kenesh/kg/uploads/media/news_cover_photo/0001/84/thumb_83255_news_cover_photo_slider.jpg,27-04-2023 15:33
Принят законопроект «О внесении изменения в Кодекс Кыргызской Республики о правонарушениях» в первом чтении,kenesh/kg/uploads/media/news_cover_photo/0001/84/thumb_83254_news_cover_photo_slider.jpg,27-04-2023 14:37
Принят проект Закона «О внесении изменения в Уголовно-процессуальный кодекс Кыргызской Республики» в первом чтении,kenesh/kg/uploads/media/news_cover_photo/0001/84/thumb_83253_news_cover_photo_slider.jpg,27-04-2023 14:33
Рассмотрен законопроект о присоединении Кыргызстана к Соглашению о принятии согласованных технических правил ООН для колесных транспортных средств,kenesh/kg/uploads/media/news_cover_photo/0001/84/thumb_83252_news_cover_photo_slider.jpeg,27-04-2023 14:28
"Принят проект Закона, направленный на расширение двусторонних связей с Индией",kenesh/kg/uploads/media/news_cover_photo/0001/84/thumb_83249_news_cover_photo_slider.jpg,27-04-2023 12:57
"Рассмотрены поправки в Закон «О всеобщей воинской обязанности граждан Кыргызской Республики, о военной и альтернативной службах»",kenesh/kg/uploads/media/news_cover_photo/0001/84/thumb_83248_news_cover_photo_slider.jpg,27-04-2023 12:53
"Принят законопроект «О внесении изменений в Закон Кыргызской Республики «О государственных гарантиях этническим кыргызам, переселяющимся в Кыргызскую Республику» во втором чтении",kenesh/kg/uploads/media/news_cover_photo/0001/84/thumb_83243_news_cover_photo_slider.jpg,27-04-2023 12:30
Принят законопроект «О внесении изменения в Закон Кыргызской Республики «О защите банковских вкладов» в третьем чтении,kenesh/kg/uploads/media/news_cover_photo/0001/84/thumb_83239_news_cover_photo_slider.jpg,27-04-2023 12:11
Депутаты обозначили социально-экономические проблемы населения,kenesh/kg/uploads/media/news_cover_photo/0001/84/thumb_83238_news_cover_photo_slider.jpg,27-04-2023 11:59
В Жогорку Кенеше озвучены обращения граждан,kenesh/kg/uploads/media/news_cover_photo/0001/84/thumb_83246_news_cover_photo_slider.jpg,27-04-2023 11:56
Депутат Балбак Тулобаев  поднял вопрос о ходе строительства автомобильной дороги Балыкчи-Барскоон,kenesh/kg/uploads/media/news_cover_photo/0001/84/thumb_83244_news_cover_photo_slider.jpg,27-04-2023 11:45
Депутаты в ходе рассмотрения вопроса «разное» обратили внимание на социальные проблемы,kenesh/kg/uploads/media/news_cover_photo/0001/84/thumb_83236_news_cover_photo_slider.jpg,27-04-2023 11:38
Депутат Сеид Атамбаев поднял вопрос о предоставлении земельных участков для жителей Аламудунского района Чуйской области,kenesh/kg/uploads/media/news_cover_photo/0001/84/thumb_83234_news_cover_photo_slider.jpg,27-04-2023 11:25
Депутат Эмиль Токтошев обратил внимание на ситуацию о введении запрета на ввоз продукцию Кыргызстана в Россию,kenesh/kg/uploads/media/news_cover_photo/0001/84/thumb_83245_news_cover_photo_slider.JPG,27-04-2023 10:30
Торага Нурланбек Шакиев примет участие в заседаниях ТюркПА в Анкаре,kenesh/kg/uploads/media/news_cover_photo/0001/84/thumb_83219_news_cover_photo_slider.jpg,27-04-2023 10:07
Временная депутатская комиссия по изучению исполнения закона «О профессиональных союзах» ознакомилась с состоянием санаторно-курортных объектов  в Аламудунском районе,kenesh/kg/uploads/media/news_cover_photo/0001/84/thumb_83188_news_cover_photo_slider.jpg,26-04-2023 20:00
Заместитель Торага Джамиля Исаева приняла участие в праздновании 30-летия Кыргызпатента,kenesh/kg/uploads/media/news_cover_photo/0001/84/thumb_83174_news_cover_photo_slider.jpeg,26-04-2023 14:05
Торага Нурланбек Шакиев встретился с представителями кыргызской диаспоры в ходе официального визита в Россию,kenesh/kg/uploads/media/news_cover_photo/0001/84/thumb_83145_news_cover_photo_slider.jpg,26-04-2023 11:02
Депутаты комитета по ТЭК ознакомились с работой предприятия «Кыргызнефтегаз» и Майлуу-Сууйского лампового завода,kenesh/kg/uploads/media/news_cover_photo/0001/84/thumb_83101_news_cover_photo_slider.jpeg,25-04-2023 19:03
Торага Нурланбек Шакиев встретился с Председателем Совета Федерации России Валентиной Матвиенко,kenesh/kg/uploads/media/news_cover_photo/0001/84/thumb_83073_news_cover_photo_slider.jpg,25-04-2023 18:26
Депутаты приняли участие в работе национального форума «Женское лидерство – прорыв в новую эпоху»,kenesh/kg/uploads/media/news_cover_photo/0001/84/thumb_83071_news_cover_photo_slider.jpg,25-04-2023 16:44
Торага Нурланбек Шакиев встретился с Председателем Государственной Думы России Вячеславом Володиным,kenesh/kg/uploads/media/news_cover_photo/0001/84/thumb_83043_news_cover_photo_slider.jpg,25-04-2023 16:25
Лидер парламентской фракции «Ата-Журт Кыргызстан» Бактыбек Сыдыков встретился с заместителем министра иностранных дел Грузии Александром Хвтисиашвили,kenesh/kg/uploads/media/news_cover_photo/0001/84/thumb_83037_news_cover_photo_slider.jpg,25-04-2023 16:11
26 апреля заседание Жогорку Кенеша не состоится,kenesh/kg/uploads/media/news_cover_photo/0001/84/thumb_83018_news_cover_photo_slider.png,25-04-2023 15:44
Комитет Жогорку Кенеша обсудил деятельность Министерства транспорта и коммуникаций,kenesh/kg/uploads/media/news_cover_photo/0001/84/thumb_83017_news_cover_photo_slider.jpeg,25-04-2023 15:17
"Торага Нурланбек Шакиев почтил память жертв ВОВ, возложив венок к Могиле Неизвестного Солдата",kenesh/kg/uploads/media/news_cover_photo/0001/84/thumb_83035_news_cover_photo_slider.jpeg,25-04-2023 14:04
Комитет Жогорку Кенеша заслушал информацию о проделанных работах по обеспечению населения чистой питьевой водой,kenesh/kg/uploads/media/news_cover_photo/0001/84/thumb_83020_news_cover_photo_slider.jpg,25-04-2023 13:58
Торага Нурланбек Шакиев находится с официальным визитом в Российской Федерации,kenesh/kg/uploads/media/news_cover_photo/0001/84/thumb_83016_news_cover_photo_slider.jpg,25-04-2023 09:00
"Депутаты  посетили археологические объекты в верховьях Чуйской долины Невакет, Суяб Ак-Бешим, Баласагун-Бурана",kenesh/kg/uploads/media/news_cover_photo/0001/84/thumb_83007_news_cover_photo_slider.jpeg,25-04-2023 08:50
Руководитель Аппарата ЖК КР Шабданбек Алишев встретился с региональным директором Фонда имени Фридриха Эберта Филиппом Яном,kenesh/kg/uploads/media/news_cover_photo/0001/83/thumb_82990_news_cover_photo_slider.jpeg,24-04-2023 17:47
Комитет Жогорку Кенеша рассмотрел законопроект о ратификации Соглашения об учреждении Евразийской перестраховочной компании,kenesh/kg/uploads/media/news_cover_photo/0001/83/thumb_82988_news_cover_photo_slider.jpg,24-04-2023 17:26
Профильный комитет одобрил законопроект «О внесении изменений в Закон Кыргызской Республики «О кооперативах» в первом чтении,kenesh/kg/uploads/media/news_cover_photo/0001/83/thumb_82987_news_cover_photo_slider.jpg,24-04-2023 16:54
"Комитет по международным делам, обороне, безопасности и миграции обсудил проект соглашения в области здравоохранения",kenesh/kg/uploads/media/news_cover_photo/0001/83/thumb_82982_news_cover_photo_slider.jpg,24-04-2023 16:43
Комитет Жогорку Кенеша одобрил законопроект о предоставлении профессионально-техническим учебным заведениям финансовой самостоятельности,kenesh/kg/uploads/media/news_cover_photo/0001/83/thumb_82986_news_cover_photo_slider.jpg,24-04-2023 16:26
"Комитет по международным делам, обороне, безопасности и миграции одобрил ряд законопроектов",kenesh/kg/uploads/media/news_cover_photo/0001/83/thumb_82979_news_cover_photo_slider.jpg,24-04-2023 15:51
Комитет Жогорку Кенеша одобрил проект Грантового соглашения по проекту «Модернизация и устойчивое развитие электроэнергетического сектора»,kenesh/kg/uploads/media/news_cover_photo/0001/83/thumb_82966_news_cover_photo_slider.jpg,24-04-2023 15:10
Комитет Жогорку Кенеша одобрил проект соглашения по проекту «Реконструкция Лебединовской ГЭС»,kenesh/kg/uploads/media/news_cover_photo/0001/83/thumb_82960_news_cover_photo_slider.jpg,24-04-2023 14:16
Комитет по аграрной политике рассмотрел поправки в Договор о ЕАЭС,kenesh/kg/uploads/media/news_cover_photo/0001/83/thumb_82956_news_cover_photo_slider.jpeg,24-04-2023 12:32
Профильный комитет рассмотрел поправки в закон «О семенах»,kenesh/kg/uploads/media/news_cover_photo/0001/84/thumb_83005_news_cover_photo_slider.jpeg,24-04-2023 11:07
Поздравление Торага Жогорку Кенеша Кыргызской Республики Нурланбека Шакиева с праздником Орозо айт,kenesh/kg/uploads/media/news_cover_photo/0001/83/thumb_82894_news_cover_photo_slider.jpg,21-04-2023 08:27
Торага Жогорку Кенеша Нурланбек Шакиев принял участие в праздничном айт намазе в мечети им. Сатуха Борахана (фото),kenesh/kg/uploads/media/news_cover_photo/0001/83/thumb_82906_news_cover_photo_slider.jpg,21-04-2023 08:17
Депутаты Аманкан Кенжебаев и Алишер Эрбаев приняли участие во встрече представителей МИД и парламентариев государств Центральной Азии,kenesh/kg/uploads/media/news_cover_photo/0001/83/thumb_82903_news_cover_photo_slider.jpg,20-04-2023 22:32
Принят проект Закона «О внесении изменений в Закон Кыргызской Республики «О стратегических объектах Кыргызской Республики» в первом чтении,kenesh/kg/uploads/media/news_cover_photo/0001/83/thumb_82801_news_cover_photo_slider.jpg,20-04-2023 13:57
Принят законопроект «О внесении изменений в Закон Кыргызской Республики «О защите прав потребителей» во втором чтении,kenesh/kg/uploads/media/news_cover_photo/0001/83/thumb_82798_news_cover_photo_slider.jpg,20-04-2023 13:16
"В Жогорку Кенеше прошла конференция, посвященная 100-летию со дня рождения общенационального лидера Азербайджана Гейдара Алиева",kenesh/kg/uploads/media/news_cover_photo/0001/83/thumb_82777_news_cover_photo_slider.jpg,20-04-2023 12:46
"Рассмотрен законопроект «О специальных защитных, антидемпинговых и компенсационных мерах при импорте товаров» во втором чтении",kenesh/kg/uploads/media/news_cover_photo/0001/83/thumb_82793_news_cover_photo_slider.jpg,20-04-2023 12:37
Принят законопроект «О внесении изменения в Жилищный кодекс Кыргызской Республики» в третьем чтении,kenesh/kg/uploads/media/news_cover_photo/0001/83/thumb_82763_news_cover_photo_slider.jpeg,20-04-2023 12:08
Депутат Коргонбай уулу Жусупбек обратил внимание на высокую стоимость авиабилетов по маршруту «Бишкек-Ош»,kenesh/kg/uploads/media/news_cover_photo/0001/83/thumb_82762_news_cover_photo_slider.jpg,20-04-2023 11:55
В Жогорку Кенеше поднят вопрос расширения доступа к государственному жилищному финансированию,kenesh/kg/uploads/media/news_cover_photo/0001/83/thumb_82765_news_cover_photo_slider.jpg,20-04-2023 11:48
Депутаты в ходе рассмотрения вопроса «разное» обратили внимание на социальные проблемы,kenesh/kg/uploads/media/news_cover_photo/0001/83/thumb_82764_news_cover_photo_slider.jpg,20-04-2023 11:23
Депутат Миргул Темирбаева  подняла вопрос об обеспечении поливной водой  жителей сел Баткенской области,kenesh/kg/uploads/media/news_cover_photo/0001/83/thumb_82751_news_cover_photo_slider.jpg,20-04-2023 11:01
Депутат Эмил Жамгырчиев поднял вопрос о повышении доступности медицинских услуг для населения,kenesh/kg/uploads/media/news_cover_photo/0001/83/thumb_82745_news_cover_photo_slider.jpg,20-04-2023 10:53
Депутат Шарапаткан Мажитова обозначила вопросы о развитии социальной инфраструктуры Шайданского айыл окмоту,kenesh/kg/uploads/media/news_cover_photo/0001/83/thumb_82758_news_cover_photo_slider.jpg,20-04-2023 10:47
Депутаты обозначили социально-экономические проблемы населения,kenesh/kg/uploads/media/news_cover_photo/0001/83/thumb_82752_news_cover_photo_slider.jpg,20-04-2023 10:27
"Жогорку Кенеш принял к сведению ежегодный доклад Национального центра Кыргызской Республики по предупреждению пыток и других жестоких, бесчеловечных или унижающих достоинство видов обращения и наказания за 2022 год",kenesh/kg/uploads/media/news_cover_photo/0001/83/thumb_82724_news_cover_photo_slider.jpg,19-04-2023 17:59
Рассмотрен ежегодный доклад Акыйкатчы КР «О соблюдении прав и свобод человека и гражданина в Кыргызской Республике в 2022 году»,kenesh/kg/uploads/media/news_cover_photo/0001/83/thumb_82704_news_cover_photo_slider.jpg,19-04-2023 15:40
"Принят проект Закона «О внесении изменений в некоторые законодательные акты Кыргызской Республики (в законы Кыргызской Республики «Об электрической и почтовой связи», «О почтовой связи»)",kenesh/kg/uploads/media/news_cover_photo/0001/83/thumb_82648_news_cover_photo_slider.jpg,19-04-2023 14:21
Рассмотрен проект Закона в сфере внешней миграции во втором чтении,kenesh/kg/uploads/media/news_cover_photo/0001/83/thumb_82649_news_cover_photo_slider.jpg,19-04-2023 14:01
Принят проект Закона «О внесении изменений в Закон Кыргызской Республики «О рекламе» во втором чтении,kenesh/kg/uploads/media/news_cover_photo/0001/83/thumb_82647_news_cover_photo_slider.jpg,19-04-2023 13:55
Принят проект конституционного Закона «О государственном языке Кыргызской Республики» во втором чтении,kenesh/kg/uploads/media/news_cover_photo/0001/83/thumb_82651_news_cover_photo_slider.jpg,19-04-2023 13:47
Депутат Чингиз Айдарбеков встретился с Послом Индии в Кыргызстане Аруном Кумаром Чаттерджи,kenesh/kg/uploads/media/news_cover_photo/0001/83/thumb_82610_news_cover_photo_slider.jpg,19-04-2023 12:27
Принят проект конституционного закона «О Счетной палате Кыргызской Республики» во втором чтении,kenesh/kg/uploads/media/news_cover_photo/0001/83/thumb_82592_news_cover_photo_slider.jpg,19-04-2023 11:19
Рассмотрен законопроект о присоединении Кыргызстана к Конвенции о международном порядке взыскания алиментов на детей,kenesh/kg/uploads/media/news_cover_photo/0001/83/thumb_82617_news_cover_photo_slider.jpg,19-04-2023 10:28
Принят законопроект о ратификации Кредитного соглашения по проекту «Устойчивое к климату водоснабжение в Кыргызской Республике» в третьем чтении,kenesh/kg/uploads/media/news_cover_photo/0001/83/thumb_82590_news_cover_photo_slider.jpg,19-04-2023 10:17
Принят законопроект о ратификации Четвертого протокола о внесении изменений в Устав ОДКБ,kenesh/kg/uploads/media/news_cover_photo/0001/83/thumb_82589_news_cover_photo_slider.jpg,19-04-2023 10:14
Профильный комитет заслушал информацию о реализации тарифной политики на электроэнергию,kenesh/kg/uploads/media/news_cover_photo/0001/83/thumb_82714_news_cover_photo_slider.jpg,18-04-2023 16:42
"Комитет Жогорку Кенеша заслушал информацию МВД о результатах работы в сфере борьбы с незаконным оборотом наркотиков, предотвращении потребления наркотиков среди подростков и молодежи",kenesh/kg/uploads/media/news_cover_photo/0001/83/thumb_82552_news_cover_photo_slider.jpeg,18-04-2023 15:54
Комитет Жогорку Кенеша рассмотрел законопроект «О внесении изменений в Кодекс Кыргызской Республики о правонарушениях»,kenesh/kg/uploads/media/news_cover_photo/0001/83/thumb_82579_news_cover_photo_slider.jpg,18-04-2023 15:23
Депутат Жогорку Кенеша Айбек Маткеримов встретился с работниками медицинских учреждений Лейлекского района Баткенской области,kenesh/kg/uploads/media/news_cover_photo/0001/83/thumb_82522_news_cover_photo_slider.jpeg,18-04-2023 14:43
Профильный Комитет принял к сведению ежегодный доклад Национального центра Кыргызской Республики по предупреждению пыток,kenesh/kg/uploads/media/news_cover_photo/0001/83/thumb_82584_news_cover_photo_slider.jpg,18-04-2023 13:30
"Комитет по транспорту, коммуникациям, архитектуре и строительству  обсудил проект Закона в сфере государственных закупок",kenesh/kg/uploads/media/news_cover_photo/0001/83/thumb_82515_news_cover_photo_slider.jpg,18-04-2023 12:53
Комитет Жогорку Кенеша принял к сведению ежегодный доклад Акыйкатчы КР «О соблюдении прав и свобод человека и гражданина в Кыргызской Республике в 2022 году»,kenesh/kg/uploads/media/news_cover_photo/0001/83/thumb_82554_news_cover_photo_slider.jpg,18-04-2023 12:40
"Комитет Жогорку Кенеша одобрил проект Закона, направленный на взаимную правовую помощь по административным вопросам в сфере обмена персональными данными",kenesh/kg/uploads/media/news_cover_photo/0001/83/thumb_82585_news_cover_photo_slider.jpg,18-04-2023 12:18
Депутат Жогорку Кенеша Эльдар Сулайманов встретился с жителями Араванского района  Ошской области,kenesh/kg/uploads/media/news_cover_photo/0001/83/thumb_82504_news_cover_photo_slider.jpeg,18-04-2023 12:09
Торага Нурланбек Шакиев провел совещание с лидерами парламентских фракций и депутатских групп,kenesh/kg/uploads/media/news_cover_photo/0001/83/thumb_82480_news_cover_photo_slider.jpg,18-04-2023 11:15
Комитет Жогорку Кенеша одобрил законопроект о ратификации Кредитного соглашения по укреплению региональной безопасности в области здравоохранения,kenesh/kg/uploads/media/news_cover_photo/0001/83/thumb_82467_news_cover_photo_slider.jpeg,17-04-2023 17:42
"Профильный комитет одобрил законопроект о государственной монополии на производство, импорт, хранение и реализацию этилового спирта",kenesh/kg/uploads/media/news_cover_photo/0001/83/thumb_82476_news_cover_photo_slider.jpg,17-04-2023 17:29
Комитет Жогорку Кенеша одобрил законопроект о внесении изменений в некоторые законодательные акты по вопросам государственного контроля в пунктах пропуска,kenesh/kg/uploads/media/news_cover_photo/0001/83/thumb_82472_news_cover_photo_slider.jpg,17-04-2023 17:12
"Заместитель Торага Жогорку Кенеша Нурланбек  Азыгалиев встретился с этническими кыргызами, проживающими в Жайылском и Панфиловском районах",kenesh/kg/uploads/media/news_cover_photo/0001/83/thumb_82446_news_cover_photo_slider.jpeg,17-04-2023 16:19
Депутат Исатбек кызы Аида побывала с рабочим визитом в Тогуз-Тороуском районе,kenesh/kg/uploads/media/news_cover_photo/0001/83/thumb_82433_news_cover_photo_slider.jpeg,17-04-2023 15:16
"Комитет Жогорку Кенеша обсудил законопроект по принятию технических правил ООН для колесных транспортных средств, предметов оборудования и частей",kenesh/kg/uploads/media/news_cover_photo/0001/83/thumb_82431_news_cover_photo_slider.jpg,17-04-2023 15:04
"Комитет Жогорку Кенеша рассмотрел проект Закона, направленный на расширение двусторонних связей с Индией",kenesh/kg/uploads/media/news_cover_photo/0001/83/thumb_82430_news_cover_photo_slider.jpg,17-04-2023 14:35
"Депутаты Джамиля Исаева, Эльмурза Сатыбалдиев, Улугбек Ормонов и Данияр Толонов встретились с жителями г.Узген и Жалпак-Ташского айыл окмоту Узгенского района",kenesh/kg/uploads/media/news_cover_photo/0001/83/thumb_82411_news_cover_photo_slider.jpg,17-04-2023 13:46
Депутат Жогорку Кенеша Улан Бакасов встретился с жителями Нарынского и Ат-Башинского районов Нарынской области,kenesh/kg/uploads/media/news_cover_photo/0001/83/thumb_82419_news_cover_photo_slider.jpeg,17-04-2023 11:54
Профильный комитет принял к сведению информацию об исполнении постановления Жогорку Кенеша о внедрении системы регистрации и учета чистокровных лошадей,kenesh/kg/uploads/media/news_cover_photo/0001/83/thumb_82399_news_cover_photo_slider.jpg,17-04-2023 11:48
Торага Нурланбек Шакиев провел совещание с председателями профильных комитетов,kenesh/kg/uploads/media/news_cover_photo/0001/83/thumb_82387_news_cover_photo_slider.jpg,17-04-2023 11:27
Профильный комитет одобрил проект Закона «О молодежи» во втором чтении,kenesh/kg/uploads/media/news_cover_photo/0001/83/thumb_82486_news_cover_photo_slider.jpg,17-04-2023 11:18
Торага Нурланбек Шакиев принял участие в 55-м пленарном заседании МПА СНГ,kenesh/kg/uploads/media/news_cover_photo/0001/83/thumb_82354_news_cover_photo_slider.jpg,14-04-2023 16:20
Заместитель Торага Жогорку Кенеша Джамиля Исаева вручила Почетные грамоты Жогорку Кенеша работникам различных сфер,kenesh/kg/uploads/media/news_cover_photo/0001/83/thumb_82319_news_cover_photo_slider.jpg,14-04-2023 16:15
Члены фракции «Ишеним» обсудила вопрос строительства альтернативной дороги Север-Юг,kenesh/kg/uploads/media/news_cover_photo/0001/83/thumb_82310_news_cover_photo_slider.jpg,14-04-2023 15:09
Заместитель Торага Жогорку Кенеша  Джамиля Исаева встретилась с главой Миссии МККК Кайсой Круузе,kenesh/kg/uploads/media/news_cover_photo/0001/83/thumb_82270_news_cover_photo_slider.jpg,14-04-2023 14:01
"Парламентская фракция «Ишеним» рассмотрела ход строительства жилых домов, разрушенных во время приграничного конфликта",kenesh/kg/uploads/media/news_cover_photo/0001/83/thumb_82258_news_cover_photo_slider.jpg,14-04-2023 12:46
Депутаты фракции «Альянс» приняли участие в экологической акции в Ботаническом саду,kenesh/kg/uploads/media/news_cover_photo/0001/83/thumb_82298_news_cover_photo_slider.jpeg,14-04-2023 12:44
Парламентская фракция «Ишеним» обсудила вопрос реализации государственной политики в сфере туризма и подготовки к туристическому сезону,kenesh/kg/uploads/media/news_cover_photo/0001/83/thumb_82257_news_cover_photo_slider.jpg,14-04-2023 11:34
Торага Нурланбек Шакиев принял участие в заседании Совета МПА СНГ в городе Санкт-Петербург,kenesh/kg/uploads/media/news_cover_photo/0001/83/thumb_82220_news_cover_photo_slider.jpg,13-04-2023 22:46
Торага Нурланбек Шакиев встретился с Председателем Сената Парламента Казахстана Мауленом Ашимбаевым в рамках заседания МПА СНГ в Санкт-Петербурге,kenesh/kg/uploads/media/news_cover_photo/0001/83/thumb_82207_news_cover_photo_slider.jpg,13-04-2023 21:02
В г. Санкт-Петербург состоялись заседания Постоянных комиссий МПА СНГ,kenesh/kg/uploads/media/news_cover_photo/0001/83/thumb_82194_news_cover_photo_slider.jpg,13-04-2023 18:15
"Рассмотрен  законопроект о списании бюджетных кредитов, выданных субъектам предпринимательства Баткенской области",kenesh/kg/uploads/media/news_cover_photo/0001/83/thumb_82192_news_cover_photo_slider.jpeg,13-04-2023 16:59
Принят законопроект «О внесении изменения в Закон Кыргызской Республики «О защите банковских вкладов (депозитов)»  во втором чтении,kenesh/kg/uploads/media/news_cover_photo/0001/83/thumb_82190_news_cover_photo_slider.jpg,13-04-2023 16:43
Рассмотрен законопроект о ратификации Обменных нот между Кабинетом Министров и Правительством Японии по проекту «Улучшение оборудования для обслуживания автомобильных дорог и дорожного покрытия в Баткенской области»,kenesh/kg/uploads/media/news_cover_photo/0001/83/thumb_82189_news_cover_photo_slider.jpg,13-04-2023 16:23
Принят законопроект о ратификации Обменных нот между Кабинетом Министров и Правительством Японии по проекту «Улучшение медицинского оборудования в городе Бишкек и Чуйской области»,kenesh/kg/uploads/media/news_cover_photo/0001/83/thumb_82188_news_cover_photo_slider.jpg,13-04-2023 16:22
Депутаты заслушали информацию по вопросам кредитования сельских товаропроизводителей,kenesh/kg/uploads/media/news_cover_photo/0001/83/thumb_82187_news_cover_photo_slider.jpg,13-04-2023 16:10
Депутат Эмил Жамгырчиев встретился со студентами Международного Кувейтского университета и Бишкекского медицинского колледжа,kenesh/kg/uploads/media/news_cover_photo/0001/83/thumb_82183_news_cover_photo_slider.jpeg,13-04-2023 14:51
Депутаты поднимают вопросы в сфере поддержки и развития сельского хозяйства,kenesh/kg/uploads/media/news_cover_photo/0001/83/thumb_82175_news_cover_photo_slider.jpg,13-04-2023 14:06
Председатель Комитета по международным делам Улан Примов встретился с Чрезвычайным и Полномочным Послом Азербайджана Латифом Гандиловым,kenesh/kg/uploads/media/news_cover_photo/0001/83/thumb_82170_news_cover_photo_slider.jpeg,13-04-2023 13:30
Лидер депутатской группы «Элдик» Акылбек Тумонбаев встретился с жителями г.Каракол,kenesh/kg/uploads/media/news_cover_photo/0001/83/thumb_82158_news_cover_photo_slider.jpeg,13-04-2023 13:29
Депутаты обсуждают вопросы реализации проекта «ФСХ-11» и принимаемые меры по предотвращению оползней на территории республики,kenesh/kg/uploads/media/news_cover_photo/0001/83/thumb_82168_news_cover_photo_slider.jpg,13-04-2023 12:41
Депутаты заслушивают информацию Кабинета министров о мерах по предоставлению льготных кредитов фермерам на 2023 год и предотвращению оползней,kenesh/kg/uploads/media/news_cover_photo/0001/83/thumb_82152_news_cover_photo_slider.jpg,13-04-2023 11:16
Торага Жогорку Кенеша Нурланбек Шакиев примет участие в очередном заседании МПА СНГ,kenesh/kg/uploads/media/news_cover_photo/0001/83/thumb_82139_news_cover_photo_slider.jpg,13-04-2023 09:34
Жогорку Кенеш признал отчет Генерального прокурора о состоянии законности в Кыргызской Республике в 2022 году удовлетворительным,kenesh/kg/uploads/media/news_cover_photo/0001/83/thumb_82137_news_cover_photo_slider.png,12-04-2023 17:45
Депутаты обсуждают отчет Генерального прокурора Кыргызской Республики о состоянии законности,kenesh/kg/uploads/media/news_cover_photo/0001/83/thumb_82136_news_cover_photo_slider.jpg,12-04-2023 16:52
Генеральный прокурор Курманкул Зулушев представил отчет о состоянии законности в Кыргызской Республике в 2022 году,kenesh/kg/uploads/media/news_cover_photo/0001/83/thumb_82135_news_cover_photo_slider.png,12-04-2023 14:57
Принят законопроект «О праве на доступ к информации» в первом чтении,kenesh/kg/uploads/media/news_cover_photo/0001/83/thumb_82134_news_cover_photo_slider.jpg,12-04-2023 14:29
Рассмотрен проект Закона в сфере обороны в первом чтении,kenesh/kg/uploads/media/news_cover_photo/0001/83/thumb_82132_news_cover_photo_slider.jpg,12-04-2023 14:19
Принят законопроект «О внесении изменения в Уголовно-процессуальный кодекс Кыргызской Республики» во втором чтении,kenesh/kg/uploads/media/news_cover_photo/0001/83/thumb_82120_news_cover_photo_slider.jpg,12-04-2023 13:09
"Рассмотрен проект Закона «О внесении изменений в некоторые законодательные акты Кыргызской Республики (в Уголовный Кодекс, Кодекс о правонарушениях)» во втором чтении",kenesh/kg/uploads/media/news_cover_photo/0001/83/thumb_82111_news_cover_photo_slider.JPG,12-04-2023 13:05
Приняты изменения в Закон Кыргызской Республики «О химизации и защите растений»,kenesh/kg/uploads/media/news_cover_photo/0001/83/thumb_82110_news_cover_photo_slider.jpg,12-04-2023 13:00
Депутат Эмил Жамгырчиев встретился со студентами Международного университета Кыргызстана,kenesh/kg/uploads/media/news_cover_photo/0001/83/thumb_82114_news_cover_photo_slider.jpg,12-04-2023 12:50
"Рассмотрен законопроект о внесении изменений в законы «Об устойчивом развитии эколого-экономической системы «Иссык-Куль», «О залоге»",kenesh/kg/uploads/media/news_cover_photo/0001/83/thumb_82109_news_cover_photo_slider.jpg,12-04-2023 10:54
Жогорку Кенеш принял проект Закона «Об автомобильных дорогах» в третьем чтении,kenesh/kg/uploads/media/news_cover_photo/0001/83/thumb_82107_news_cover_photo_slider.jpg,12-04-2023 10:50
Принят законопроект о внесении изменений в закон «О Государственной границе Кыргызской Республики»,kenesh/kg/uploads/media/news_cover_photo/0001/83/thumb_82106_news_cover_photo_slider.jpg,12-04-2023 10:15
Профильный комитет заслушал информацию об исполнении отдельных статей закона «О недрах»,kenesh/kg/uploads/media/news_cover_photo/0001/83/thumb_82105_news_cover_photo_slider.jpg,11-04-2023 16:58
Комитеты Жогорку Кенеша признали отчет Генерального прокурора о состоянии законности в Кыргызской Республике в 2022 году удовлетворительным,kenesh/kg/uploads/media/news_cover_photo/0001/83/thumb_82031_news_cover_photo_slider.jpg,11-04-2023 16:43
"Председатель Комитета по транспорту, коммуникациям, архитектуре и строительству  Мурадил Сыдыков встретился с Постоянным координатором системы ООН в Кыргызской Республике Антье Граве",kenesh/kg/uploads/media/news_cover_photo/0001/83/thumb_82024_news_cover_photo_slider.jpg,11-04-2023 16:28
Профильные комитеты заслушивают отчет Генерального прокурора о состоянии законности в Кыргызской Республике в 2022 году,kenesh/kg/uploads/media/news_cover_photo/0001/83/thumb_82015_news_cover_photo_slider.jpg,11-04-2023 16:08
Профильный Комитет обсудил вопрос о строительстве очистных сооружений в г. Чолпон-Ата,kenesh/kg/uploads/media/news_cover_photo/0001/82/thumb_81984_news_cover_photo_slider.jpeg,11-04-2023 14:48
Комитет Жогорку Кенеша рассмотрел проект Закона по вопросам государственного контроля в пунктах пропуска на государственной границе,kenesh/kg/uploads/media/news_cover_photo/0001/82/thumb_81982_news_cover_photo_slider.jpg,11-04-2023 13:20
Торага Нурланбек Шакиев посетил ряд учебных заведений Бишкека,kenesh/kg/uploads/media/news_cover_photo/0001/82/thumb_81952_news_cover_photo_slider.jpg,11-04-2023 13:05
Комитет Жогорку Кенеша одобрил законопроект  «О внесении изменений в некоторые законодательные акты Кыргызской Республики по вопросам образования» в первом чтении,kenesh/kg/uploads/media/news_cover_photo/0001/82/thumb_81943_news_cover_photo_slider.jpeg,10-04-2023 17:10
Депутаты Фархат Исмаилов и Кундузбек Сулайманов ознакомились с ходом строительства Международной академии гимнастики,kenesh/kg/uploads/media/news_cover_photo/0001/82/thumb_81931_news_cover_photo_slider.jpg,10-04-2023 16:50
Профильный Комитет одобрил проект Закона о присоединении к Конвенции о международном порядке взыскания алиментов на детей,kenesh/kg/uploads/media/news_cover_photo/0001/82/thumb_81920_news_cover_photo_slider.jpg,10-04-2023 15:38
Комитет Жогорку Кенеша рассмотрел проект Закона о ратификации Четвертого протокола о внесении изменений в Устав  ОДКБ от 7 октября 2002 года,kenesh/kg/uploads/media/news_cover_photo/0001/82/thumb_81898_news_cover_photo_slider.jpg,10-04-2023 14:46
Депутаты Жогорку Кенеша обсудили вопрос о проведении защитных мероприятий левого берега Чу,kenesh/kg/uploads/media/news_cover_photo/0001/82/thumb_81922_news_cover_photo_slider.jpg,10-04-2023 14:38
Депутатская комиссия по изучению вопроса эффективности управления и приватизации госимущества ознакомилась с деятельностью Госагентства по управлению государственным имуществом,kenesh/kg/uploads/media/news_cover_photo/0001/82/thumb_81899_news_cover_photo_slider.jpg,10-04-2023 14:14
Комитет по социальной политике обсудил проект конституционного Закона «О государственном языке Кыргызской Республики» во втором чтении,kenesh/kg/uploads/media/news_cover_photo/0001/82/thumb_81884_news_cover_photo_slider.jpeg,10-04-2023 12:44
"Торага Нурланбек Шакиев принял участие в мероприятии, посвященном памяти известного государственного деятеля Абсамата Масалиева",kenesh/kg/uploads/media/news_cover_photo/0001/82/thumb_81851_news_cover_photo_slider.jpg,10-04-2023 12:04
"Комитет по аграрной политике, водным ресурсам, экологии и региональному развитию проводит выездное заседание в Ак-Талинском районе",kenesh/kg/uploads/media/news_cover_photo/0001/82/thumb_81803_news_cover_photo_slider.jpeg,10-04-2023 11:08
Торага Нурланбек Шакиев встретился с председателями профильных комитетов Жогорку Кенеша,kenesh/kg/uploads/media/news_cover_photo/0001/82/thumb_81822_news_cover_photo_slider.jpg,10-04-2023 10:54
"Депутат Мирлан Самыйкожо  встретился с жителями Кочкорского, Жумгальского и Ак-Талинского районов Нарынской области",kenesh/kg/uploads/media/news_cover_photo/0001/82/thumb_81788_news_cover_photo_slider.jpg,09-04-2023 12:30
Депутат Эльвира Сурабалдиева встретилась с жителями новостроек Первомайского района,kenesh/kg/uploads/media/news_cover_photo/0001/82/thumb_81779_news_cover_photo_slider.jpg,08-04-2023 09:31
В память о депутате легендарного парламента Леониде Калашникове от лидера фракции «Бүтүн Кыргызстан» Адахана Мадумарова,kenesh/kg/uploads/media/news_cover_photo/0001/82/thumb_81754_news_cover_photo_slider.jpeg,07-04-2023 15:39
Разъяснение относительно соблюдения сроков рассмотрения законопроекта «О внесении изменений в Закон Кыргызской Республики «О защите от недостоверной (ложной) информации»,kenesh/kg/uploads/media/news_cover_photo/0001/82/thumb_81753_news_cover_photo_slider.png,06-04-2023 20:31
"Состоялось совещание Совета по правам женщин, детей и гендерного равенства при Торага Жогорку Кенеша КР",kenesh/kg/uploads/media/news_cover_photo/0001/82/thumb_81730_news_cover_photo_slider.jpg,06-04-2023 16:58
Депутат Жогорку Кенеша Миргул Темирбаева подняла вопросы в сфере здравоохранения,kenesh/kg/uploads/media/news_cover_photo/0001/82/thumb_81714_news_cover_photo_slider.jpeg,06-04-2023 16:55
Принят проект Закона «О стратегическом планировании в Кыргызской Республике» в первом чтении,kenesh/kg/uploads/media/news_cover_photo/0001/82/thumb_81743_news_cover_photo_slider.jpg,06-04-2023 15:23
"Депутаты Арсланбек Малиев, Надира Нарматова и Динара Ашимова рассказали об итогах временной депутатской комиссии по изучению добычи и реализации золота, деятельности ЗАО «Кумтор Голд Компани»",kenesh/kg/uploads/media/news_cover_photo/0001/82/thumb_81647_news_cover_photo_slider.jpg,06-04-2023 15:10
Рассмотрен проект Закона «О государственном регулировании внешнеторговой деятельности»,kenesh/kg/uploads/media/news_cover_photo/0001/82/thumb_81641_news_cover_photo_slider.jpg,06-04-2023 14:50
Принят проект Закона «О внесении изменений в Закон Кыргызской Республики «О медиации» в первом чтении,kenesh/kg/uploads/media/news_cover_photo/0001/82/thumb_81745_news_cover_photo_slider.jpg,06-04-2023 14:35
"Отклонен проект закона, предлагающий введение института прямых выборов мэра столицы",kenesh/kg/uploads/media/news_cover_photo/0001/82/thumb_81642_news_cover_photo_slider.jpg,06-04-2023 14:29
